<?xml version="1.0" encoding="UTF-8"?>
<project-private xmlns="http://www.netbeans.org/ns/project-private/1">
    <editor-bookmarks xmlns="http://www.netbeans.org/ns/editor-bookmarks/2" lastBookmarkId="0"/>
    <open-files xmlns="http://www.netbeans.org/ns/projectui-open-files/2">
        <group>
            <file>file:/C:/Users/hola5/Desktop/Floristeria-20221016T150443Z-001/Floristeria/src/floristeria/Montador.java</file>
            <file>file:/C:/Users/hola5/Desktop/Floristeria-20221016T150443Z-001/Floristeria/src/floristeria/Floristeria.java</file>
            <file>file:/C:/Users/hola5/Desktop/Floristeria-20221016T150443Z-001/Floristeria/src/floristeria/Ramo.java</file>
            <file>file:/C:/Users/hola5/Desktop/Floristeria-20221016T150443Z-001/Floristeria/src/floristeria/Preparador.java</file>
        </group>
    </open-files>
</project-private>
